{"cameraMode":{"drawMode":0,"name":"Shaded","section":"Shading Mode"},"sceneLighting":false,"audioPlay":false,"sceneViewState":{"m_AlwaysRefresh":false,"showFog":false,"showSkybox":false,"showFlares":false,"showImageEffects":false,"showParticleSystems":false,"showVisualEffectGraphs":true,"m_FxEnabled":true},"in2DMode":false,"pivot":{"x":0.36215105652809145,"y":-5.168623924255371,"z":2.9583168029785158},"rotation":{"x":-0.40388867259025576,"y":0.012894696556031704,"z":-0.005692965816706419,"w":-0.914695680141449},"size":7.847563743591309,"orthographic":false}